<?xml version="1.0" encoding="UTF-8"?>
<project-private xmlns="http://www.netbeans.org/ns/project-private/1">
    <editor-bookmarks xmlns="http://www.netbeans.org/ns/editor-bookmarks/2" lastBookmarkId="0"/>
    <open-files xmlns="http://www.netbeans.org/ns/projectui-open-files/2">
        <group>
            <file>file:/D:/KULIAH/SEM%204/Prak%20PBO%20C/ProyekAkhir/BrainEatGame/src/model/ActionModel.java</file>
            <file>file:/D:/KULIAH/SEM%204/Prak%20PBO%20C/ProyekAkhir/BrainEatGame/src/view/MenuAdminView.java</file>
            <file>file:/D:/KULIAH/SEM%204/Prak%20PBO%20C/ProyekAkhir/BrainEatGame/src/model/mainGame.java</file>
            <file>file:/D:/KULIAH/SEM%204/Prak%20PBO%20C/ProyekAkhir/BrainEatGame/src/controller/ControlMenu.java</file>
            <file>file:/D:/KULIAH/SEM%204/Prak%20PBO%20C/ProyekAkhir/BrainEatGame/src/game/Game.java</file>
            <file>file:/D:/KULIAH/SEM%204/Prak%20PBO%20C/ProyekAkhir/BrainEatGame/src/controller/ControlGame.java</file>
            <file>file:/D:/KULIAH/SEM%204/Prak%20PBO%20C/ProyekAkhir/BrainEatGame/src/view/DetailDataView.java</file>
            <file>file:/D:/KULIAH/SEM%204/Prak%20PBO%20C/ProyekAkhir/BrainEatGame/src/view/MenuUserView.java</file>
        </group>
    </open-files>
</project-private>
